-- phpMyAdmin SQL Dump
-- version 4.1.12
-- http://www.phpmyadmin.net
--
-- Host: 127.0.0.1
-- Generation Time: Aug 04, 2015 at 08:32 AM
-- Server version: 5.6.16
-- PHP Version: 5.5.11

SET SQL_MODE = "NO_AUTO_VALUE_ON_ZERO";
SET time_zone = "+00:00";


/*!40101 SET @OLD_CHARACTER_SET_CLIENT=@@CHARACTER_SET_CLIENT */;
/*!40101 SET @OLD_CHARACTER_SET_RESULTS=@@CHARACTER_SET_RESULTS */;
/*!40101 SET @OLD_COLLATION_CONNECTION=@@COLLATION_CONNECTION */;
/*!40101 SET NAMES utf8 */;

--
-- Database: `kaizenmed`
--

-- --------------------------------------------------------

--
-- Table structure for table `bookings`
--

CREATE TABLE IF NOT EXISTS `bookings` (
  `id` int(11) NOT NULL AUTO_INCREMENT,
  `clinicID` varchar(255) NOT NULL,
  `title` varchar(255) NOT NULL,
  `doctor` varchar(255) NOT NULL,
  `details` varchar(255) NOT NULL,
  `start` varchar(255) NOT NULL,
  `end` varchar(255) NOT NULL,
  `date` varchar(255) NOT NULL,
  PRIMARY KEY (`id`)
) ENGINE=InnoDB  DEFAULT CHARSET=latin1 AUTO_INCREMENT=23 ;

--
-- Dumping data for table `bookings`
--

INSERT INTO `bookings` (`id`, `clinicID`, `title`, `doctor`, `details`, `start`, `end`, `date`) VALUES
(2, 'CC1', 'tinashe dumbura Clinic ID:CC1', 'Cletos Masiya', 'jnbkjbjnjknjnknjnnknjkn', '2015-07-30T13:30:00', '2015-07-30T20:00:00', '2015-07-30'),
(3, 'CC2', 'Makosi Musambasi Clinic ID:CC2', 'George Michael', 'Lumber puncture', '2015-07-02T10:00:00', '2015-07-02T12:00:00', '2015-07-02'),
(5, 'CC2', 'fsdfsdfsdf vsdvdsvdvds Clinic ID:CC2', 'Cletos Masiya', 'gfyuguhuhuhhu', '2015-07-27T01:30:00', '2015-07-27T03:15:00', '2015-07-27'),
(7, 'CC3', 'fsdfsdfsdf dasdasdasd Clinic ID:CC3', 'Cletos Masiya', 'cschuashcaiukscnjuascasac', '2015-07-29T08:00:00', '2015-07-29T11:15:00', '2015-07-29'),
(8, 'CC8', 'Nadia dumbura Clinic ID:CC8', 'Cletos Masiya', 'hvsduihvusihviusdvsdvsd', '2015-07-09T11:00:00', '2015-07-09T12:30:00', '2015-07-09'),
(9, 'CC10', 'fsdfsdfsdf dasdasdasd Clinic ID:CC10', 'Cletos Masiya', 'cbsjbcjsjkcnasjknckjasc\r\ncsahbchjbashjcascsac', '2015-07-15 13:30', '2015-07-15 15:00', '2015-07-15'),
(10, 'CC11', 'Nadia Nakai Clinic ID:CC11', 'George Michael', ' chsbhjcbsjbchjsdcs\r\nscdhvchjsjcsd\r\nvdsjhdvsdvsd', '2015-07-28 15:00', '2015-07-28 16:00', '2015-07-28'),
(11, 'CC12', 'fsdfsdfsdf vsdvdsvdvds Clinic ID:CC12', 'Cletos Masiya', 'dshjbsbdjkvnsdjkncjksncjdnckjsdncjksd', '2015-07-14 09:30', '2015-07-14 10:45', '2015-07-14'),
(12, 'CC13', 'fsdfsdfsdf vsdvdsvdvds Clinic ID:CC13', 'Cletos Masiya', 'diabetes', '2015-07-30T14:30:00', '2015-07-30T15:15:00', '2015-07-30'),
(13, 'CC15', 'tinashe dzambwa Clinic ID:CC15', 'Cletos Masiya', 'kidney failure', '2015-07-29T04:00:00', '2015-07-29T05:00:00', '2015-07-29'),
(14, 'CC16', 'deloris dlamini Clinic ID:CC16', 'Cletos Masiya', 'heart failure', '2015-07-04 13:00', '2015-07-04 13:45', '2015-07-04'),
(15, 'CC17', 'njnjknuni Nakai Clinic ID:CC17', 'Cletos Masiya', 'fsfsdfdf', '2015-07-18 12:30', '2015-07-18 13:15', '2015-07-18'),
(16, 'CC18', 'fsdfsdfsdf Nakai Clinic ID:CC18', 'Cletos Masiya', 'dvdsvsdvsd', '2015-07-20 10:00', '2015-07-20 10:30', '2015-07-20'),
(17, 'CC19', 'thomas chivagwe Clinic ID:CC19', 'Cletos Masiya', 'nose bleed', '2015-07-16 07:30', '2015-07-16 08:15', '2015-07-16'),
(18, 'CC15', 'tinashe dzambwa Clinic ID:CC15', 'Cletos Masiya', 'liver clerosis', '2015-07-28 13:00', '2015-07-28 14:30', '2015-07-28'),
(19, 'CC15', 'tinashe dzambwa Clinic ID:CC15', 'Cletos Masiya', 'liver clerosis', '2015-07-07 08:30', '2015-07-07 10:15', '2015-07-07'),
(20, 'CC20', 'Nadia Mujuru Clinic ID:CC20', 'Cletos Masiya', 'heart transplant', '2015-07-17 09:00', '2015-07-17 10:45', '2015-07-17'),
(21, 'CC20', 'Nadia Mujuru Clinic ID:CC20', 'Cletos Masiya', 'heart transplant', '2015-07-16T11:30:00', '2015-07-16T12:45:00', '2015-07-16'),
(22, 'CC8', 'Nadia dumbura Clinic ID:CC8', 'Cletos Masiya', 'kdnksndlkfksl', '2015-07-31 11:30', '2015-07-31 13:15', '2015-07-31');

-- --------------------------------------------------------

--
-- Table structure for table `ci_sessions`
--

CREATE TABLE IF NOT EXISTS `ci_sessions` (
  `id` varchar(40) NOT NULL,
  `ip_address` varchar(45) NOT NULL,
  `timestamp` int(10) unsigned NOT NULL DEFAULT '0',
  `data` blob NOT NULL,
  PRIMARY KEY (`id`),
  KEY `ci_sessions_timestamp` (`timestamp`)
) ENGINE=InnoDB DEFAULT CHARSET=latin1;

--
-- Dumping data for table `ci_sessions`
--

INSERT INTO `ci_sessions` (`id`, `ip_address`, `timestamp`, `data`) VALUES
('0193282952c211168ec54b5cd842be2f11a14eba', '::1', 1438162620, 0x5f5f63695f6c6173745f726567656e65726174657c693a313433383136323439313b6c6f676765645f696e7c623a313b64657461696c737c733a32303a2253797374656d2041646d696e6973747261746f72223b757365726c6576656c7c733a353a2261646d696e223b),
('029306911bdca0eb2754dbf8e07ee230779c390f', '::1', 1438100276, 0x5f5f63695f6c6173745f726567656e65726174657c693a313433383039393937383b6c6f676765645f696e7c623a313b64657461696c737c733a32303a2253797374656d2041646d696e6973747261746f72223b757365726c6576656c7c733a353a2261646d696e223b646174657c613a323a7b733a343a2264617465223b733a31303a22323031352d30372d3130223b733a343a2274696d65223b733a353a2231313a3030223b7d636c696e696349447c733a333a22434338223b),
('03a1e8d18edb8ff6a3e31dc918c86780ad7f138f', '::1', 1438010575, 0x5f5f63695f6c6173745f726567656e65726174657c693a313433383031303237383b6c6f676765645f696e7c623a313b64657461696c737c733a32303a2253797374656d2041646d696e6973747261746f72223b757365726c6576656c7c733a353a2261646d696e223b646174657c613a323a7b733a343a2264617465223b733a31303a22323031352d30372d3330223b733a343a2274696d65223b733a353a2231333a3330223b7d636c696e696349447c733a333a22434331223b),
('065afadf046ca72b3266b7a0df4cf4575711e8cc', '::1', 1438163754, 0x5f5f63695f6c6173745f726567656e65726174657c693a313433383136333636303b6c6f676765645f696e7c623a313b64657461696c737c733a32303a2253797374656d2041646d696e6973747261746f72223b757365726c6576656c7c733a353a2261646d696e223b),
('0a40de8411eeefa95ad45ac11cd028aa7cb63527', '::1', 1438189753, 0x5f5f63695f6c6173745f726567656e65726174657c693a313433383138393435353b6c6f676765645f696e7c623a313b64657461696c737c733a32303a2253797374656d2041646d696e6973747261746f72223b757365726c6576656c7c733a353a2261646d696e223b646174657c613a323a7b733a343a2264617465223b733a31303a22323031352d30372d3034223b733a343a2274696d65223b733a353a2231333a3030223b7d636c696e696349447c733a343a2243433136223b),
('0a76fa0fbced485a8477ee791b25a8b6a05ea230', '::1', 1438242798, 0x5f5f63695f6c6173745f726567656e65726174657c693a313433383234323631313b6c6f676765645f696e7c623a313b64657461696c737c733a32303a2253797374656d2041646d696e6973747261746f72223b757365726c6576656c7c733a353a2261646d696e223b636c696e696349447c733a343a2243433135223b646174657c613a323a7b733a343a2264617465223b733a31303a22323031352d30372d3037223b733a343a2274696d65223b733a353a2230383a3330223b7d),
('0aece4b691ac6511fc998947683d642f93156444', '::1', 1438126148, 0x5f5f63695f6c6173745f726567656e65726174657c693a313433383132363030323b6c6f676765645f696e7c623a313b64657461696c737c733a32303a2253797374656d2041646d696e6973747261746f72223b757365726c6576656c7c733a353a2261646d696e223b),
('0cab596f5890ea7b3df18b3f6e526a5696cad71f', '::1', 1437980997, 0x5f5f63695f6c6173745f726567656e65726174657c693a313433373938303939353b6c6f676765645f696e7c623a313b64657461696c737c733a32303a2253797374656d2041646d696e6973747261746f72223b757365726c6576656c7c733a353a2261646d696e223b),
('0d8b318cca6b53aa5b00592b4de2f53a3875a868', '::1', 1438059576, 0x5f5f63695f6c6173745f726567656e65726174657c693a313433383035393239333b6c6f676765645f696e7c623a313b64657461696c737c733a32303a2253797374656d2041646d696e6973747261746f72223b757365726c6576656c7c733a353a2261646d696e223b646174657c613a323a7b733a343a2264617465223b733a31303a22323031352d30372d3331223b733a343a2274696d65223b733a353a2230363a3030223b7d636c696e696349447c733a333a22434332223b),
('0e90b68ec5f1f8221f43d42711ecd1214d4773ba', '::1', 1437984578, 0x5f5f63695f6c6173745f726567656e65726174657c693a313433373938343432383b6c6f676765645f696e7c623a313b64657461696c737c733a32303a2253797374656d2041646d696e6973747261746f72223b757365726c6576656c7c733a353a2261646d696e223b646174657c733a31353a22546875204a756c2033302032303135223b74696d657c733a383a2230383a30303a3030223b),
('11184fb51a19ac22bfe0691f27825b099ee7cb51', '::1', 1438168594, 0x5f5f63695f6c6173745f726567656e65726174657c693a313433383136383533333b6c6f676765645f696e7c623a313b64657461696c737c733a32303a2253797374656d2041646d696e6973747261746f72223b757365726c6576656c7c733a353a2261646d696e223b636c696e696349447c733a343a2243433134223b),
('1160a1f85be85d17fc20cb1568d854957519b29b', '::1', 1438107714, 0x5f5f63695f6c6173745f726567656e65726174657c693a313433383130373639333b6c6f676765645f696e7c623a313b64657461696c737c733a32303a2253797374656d2041646d696e6973747261746f72223b757365726c6576656c7c733a353a2261646d696e223b),
('116822cd94b1727fce7ba3ef0a6b3784dc164743', '::1', 1438123960, 0x5f5f63695f6c6173745f726567656e65726174657c693a313433383132333836353b6c6f676765645f696e7c623a313b64657461696c737c733a32303a2253797374656d2041646d696e6973747261746f72223b757365726c6576656c7c733a353a2261646d696e223b),
('1765af912a3948dfdd2a561a16c8c034f0005da8', '::1', 1438099226, 0x5f5f63695f6c6173745f726567656e65726174657c693a313433383039383936393b6c6f676765645f696e7c623a313b64657461696c737c733a32303a2253797374656d2041646d696e6973747261746f72223b757365726c6576656c7c733a353a2261646d696e223b646174657c613a323a7b733a343a2264617465223b733a31303a22323031352d30372d3239223b733a343a2274696d65223b733a353a2231323a3030223b7d636c696e696349447c733a333a22434333223b),
('19db84cdb94d628ffdb165859c9a9f2016eae60a', '::1', 1438012789, 0x5f5f63695f6c6173745f726567656e65726174657c693a313433383031323630373b6c6f676765645f696e7c623a313b64657461696c737c733a32303a2253797374656d2041646d696e6973747261746f72223b757365726c6576656c7c733a353a2261646d696e223b646174657c613a323a7b733a343a2264617465223b733a31303a22323031352d30372d3330223b733a343a2274696d65223b733a353a2231333a3330223b7d636c696e696349447c733a333a22434331223b),
('1c9c65fd6b5edffc48f790a6ea0d37ce7ac39e1b', '::1', 1438165341, 0x5f5f63695f6c6173745f726567656e65726174657c693a313433383136353036383b6c6f676765645f696e7c623a313b64657461696c737c733a32303a2253797374656d2041646d696e6973747261746f72223b757365726c6576656c7c733a353a2261646d696e223b),
('1d17ed8b9870185ce14abbd4885d2e0d00bc1ecf', '::1', 1438163102, 0x5f5f63695f6c6173745f726567656e65726174657c693a313433383136323830363b6c6f676765645f696e7c623a313b64657461696c737c733a32303a2253797374656d2041646d696e6973747261746f72223b757365726c6576656c7c733a353a2261646d696e223b),
('1fb4c82143b546a3a1ee55301eaafd6d643fdf2a', '::1', 1438254086, 0x5f5f63695f6c6173745f726567656e65726174657c693a313433383235333738353b6c6f676765645f696e7c623a313b64657461696c737c733a32303a2253797374656d2041646d696e6973747261746f72223b757365726c6576656c7c733a353a2261646d696e223b),
('1ff8411824409eb9ad0bd412e1e270ee1ca970be', '::1', 1438056239, 0x5f5f63695f6c6173745f726567656e65726174657c693a313433383035353938303b646174657c613a323a7b733a343a2264617465223b733a31303a22323031352d30372d3239223b733a343a2274696d65223b733a353a2231303a3330223b7d6c6f676765645f696e7c623a313b64657461696c737c733a32303a2253797374656d2041646d696e6973747261746f72223b757365726c6576656c7c733a353a2261646d696e223b),
('209aab5c1bd82e5023ff176930a7df80dad89382', '::1', 1438236831, 0x5f5f63695f6c6173745f726567656e65726174657c693a313433383233363539323b6c6f676765645f696e7c623a313b64657461696c737c733a32303a2253797374656d2041646d696e6973747261746f72223b757365726c6576656c7c733a353a2261646d696e223b),
('20f95cbca87a986c9d61bc3f596d49dd1da228d4', '::1', 1438196381, 0x5f5f63695f6c6173745f726567656e65726174657c693a313433383139363134353b6c6f676765645f696e7c623a313b64657461696c737c733a32303a2253797374656d2041646d696e6973747261746f72223b757365726c6576656c7c733a353a2261646d696e223b),
('24eb1ba4ba285ca798a6ff1fbb97565a19200c59', '::1', 1438168518, 0x5f5f63695f6c6173745f726567656e65726174657c693a313433383136383233303b6c6f676765645f696e7c623a313b64657461696c737c733a32303a2253797374656d2041646d696e6973747261746f72223b757365726c6576656c7c733a353a2261646d696e223b636c696e696349447c733a343a2243433134223b),
('283757a1493634c074d80ed9efe81ab7553f0e12', '::1', 1438098965, 0x5f5f63695f6c6173745f726567656e65726174657c693a313433383039383636343b6c6f676765645f696e7c623a313b64657461696c737c733a32303a2253797374656d2041646d696e6973747261746f72223b757365726c6576656c7c733a353a2261646d696e223b646174657c613a323a7b733a343a2264617465223b733a31303a22323031352d30372d3232223b733a343a2274696d65223b733a353a2230383a3330223b7d636c696e696349447c733a333a22434333223b),
('2a49d7d2be2389b4b6571f7df363a328b911a268', '::1', 1438159660, 0x5f5f63695f6c6173745f726567656e65726174657c693a313433383135393435303b6c6f676765645f696e7c623a313b64657461696c737c733a32303a2253797374656d2041646d696e6973747261746f72223b757365726c6576656c7c733a353a2261646d696e223b),
('2d0d24a774ef841dbf24fc5f9b644ab4dfd9218d', '::1', 1438189039, 0x5f5f63695f6c6173745f726567656e65726174657c693a313433383138383738383b6c6f676765645f696e7c623a313b64657461696c737c733a32303a2253797374656d2041646d696e6973747261746f72223b757365726c6576656c7c733a353a2261646d696e223b),
('2d2bfcd4feb9ddb8e217433eb52bb3ee9bba6dc3', '::1', 1438056453, 0x5f5f63695f6c6173745f726567656e65726174657c693a313433383035363333363b646174657c613a323a7b733a343a2264617465223b733a31303a22323031352d30372d3239223b733a343a2274696d65223b733a353a2231303a3330223b7d6c6f676765645f696e7c623a313b64657461696c737c733a32303a2253797374656d2041646d696e6973747261746f72223b757365726c6576656c7c733a353a2261646d696e223b),
('301b556627e1c7fdc9e1324db89eedfde6d2218c', '::1', 1438159378, 0x5f5f63695f6c6173745f726567656e65726174657c693a313433383135393130303b6c6f676765645f696e7c623a313b64657461696c737c733a32303a2253797374656d2041646d696e6973747261746f72223b757365726c6576656c7c733a353a2261646d696e223b),
('319d8f745f77d9cc05df0093f4a0bf93566fbb94', '::1', 1438101124, 0x5f5f63695f6c6173745f726567656e65726174657c693a313433383130303739343b6c6f676765645f696e7c623a313b64657461696c737c733a32303a2253797374656d2041646d696e6973747261746f72223b757365726c6576656c7c733a353a2261646d696e223b646174657c613a323a7b733a343a2264617465223b733a31303a22323031352d30372d3135223b733a343a2274696d65223b733a353a2231333a3330223b7d636c696e696349447c733a343a2243433130223b),
('34a77e8571bbe65e69b31b23fbb992db9fd57696', '::1', 1437981866, 0x5f5f63695f6c6173745f726567656e65726174657c693a313433373938313736393b6c6f676765645f696e7c623a313b64657461696c737c733a32303a2253797374656d2041646d696e6973747261746f72223b757365726c6576656c7c733a353a2261646d696e223b),
('35c9261a0f85f89dd6acd6226904a4eafbb64515', '::1', 1438244388, 0x5f5f63695f6c6173745f726567656e65726174657c693a313433383234343235313b6c6f676765645f696e7c623a313b64657461696c737c733a32303a2253797374656d2041646d696e6973747261746f72223b757365726c6576656c7c733a353a2261646d696e223b636c696e696349447c733a343a2243433230223b646174657c613a323a7b733a343a2264617465223b733a31303a22323031352d30372d3137223b733a343a2274696d65223b733a353a2231313a3330223b7d),
('375787dd75a0e5cdd722148868c9a2d63f8e6a20', '::1', 1438120569, 0x5f5f63695f6c6173745f726567656e65726174657c693a313433383132303438323b6c6f676765645f696e7c623a313b64657461696c737c733a32303a2253797374656d2041646d696e6973747261746f72223b757365726c6576656c7c733a353a2261646d696e223b646174657c613a323a7b733a343a2264617465223b733a31303a22323031352d30372d3134223b733a343a2274696d65223b733a353a2230393a3330223b7d636c696e696349447c733a343a2243433132223b),
('3788b02210aa5ad7713fe7a5b5e0137b2fa6a95a', '::1', 1438099671, 0x5f5f63695f6c6173745f726567656e65726174657c693a313433383039393336363b6c6f676765645f696e7c623a313b64657461696c737c733a32303a2253797374656d2041646d696e6973747261746f72223b757365726c6576656c7c733a353a2261646d696e223b646174657c613a323a7b733a343a2264617465223b733a31303a22323031352d30372d3237223b733a343a2274696d65223b733a353a2231313a3030223b7d636c696e696349447c733a333a22434333223b),
('386e0f3f8e6cb4d8a428fdaf97f4832a395d822f', '::1', 1438058186, 0x5f5f63695f6c6173745f726567656e65726174657c693a313433383035373839373b646174657c613a323a7b733a343a2264617465223b733a31303a22323031352d30372d3031223b733a343a2274696d65223b733a353a2231303a3030223b7d6c6f676765645f696e7c623a313b64657461696c737c733a32303a2253797374656d2041646d696e6973747261746f72223b757365726c6576656c7c733a353a2261646d696e223b636c696e696349447c733a333a22434332223b),
('3a05874b82af5504b988bdde566ed8bfcdcf15b7', '::1', 1438158470, 0x5f5f63695f6c6173745f726567656e65726174657c693a313433383135383137303b6c6f676765645f696e7c623a313b64657461696c737c733a32303a2253797374656d2041646d696e6973747261746f72223b757365726c6576656c7c733a353a2261646d696e223b),
('3a417c80c1200331ad3b4bb4d3ea55c74ba6cee4', '::1', 1438124633, 0x5f5f63695f6c6173745f726567656e65726174657c693a313433383132343335313b6c6f676765645f696e7c623a313b64657461696c737c733a32303a2253797374656d2041646d696e6973747261746f72223b757365726c6576656c7c733a353a2261646d696e223b),
('3b58a2e79acdabfb9ddb9ce312729250449efb2f', '::1', 1438162450, 0x5f5f63695f6c6173745f726567656e65726174657c693a313433383136323137313b6c6f676765645f696e7c623a313b64657461696c737c733a32303a2253797374656d2041646d696e6973747261746f72223b757365726c6576656c7c733a353a2261646d696e223b),
('3bb125cbe5e735d18efecfae933079176b9dec1e', '::1', 1437982088, 0x5f5f63695f6c6173745f726567656e65726174657c693a313433373938323038363b6c6f676765645f696e7c623a313b64657461696c737c733a32303a2253797374656d2041646d696e6973747261746f72223b757365726c6576656c7c733a353a2261646d696e223b),
('3dda9c0edd7c77fd8aac544c60b5bb54039623b4', '::1', 1438255163, 0x5f5f63695f6c6173745f726567656e65726174657c693a313433383235343935333b6c6f676765645f696e7c623a313b64657461696c737c733a32303a2253797374656d2041646d696e6973747261746f72223b757365726c6576656c7c733a353a2261646d696e223b636c696e696349447c733a333a22434338223b646174657c613a323a7b733a343a2264617465223b733a31303a22323031352d30372d3331223b733a343a2274696d65223b733a353a2231313a3330223b7d),
('4268fe70028b2a85d42e9a64e93731b0eebd8cc4', '::1', 1438168169, 0x5f5f63695f6c6173745f726567656e65726174657c693a313433383136373931373b6c6f676765645f696e7c623a313b64657461696c737c733a32303a2253797374656d2041646d696e6973747261746f72223b757365726c6576656c7c733a353a2261646d696e223b636c696e696349447c733a343a2243433134223b),
('4274294ef519be04bab7bc16c3ec9135e5e6f7a0', '::1', 1438105478, 0x5f5f63695f6c6173745f726567656e65726174657c693a313433383130353437383b6c6f676765645f696e7c623a313b64657461696c737c733a32303a2253797374656d2041646d696e6973747261746f72223b757365726c6576656c7c733a353a2261646d696e223b646174657c613a323a7b733a343a2264617465223b733a31303a22323031352d30372d3238223b733a343a2274696d65223b733a353a2231353a3030223b7d636c696e696349447c733a343a2243433131223b),
('439566f6d103de0ecbb28d7060c0a668bdf46dca', '::1', 1438059284, 0x5f5f63695f6c6173745f726567656e65726174657c693a313433383035383936343b6c6f676765645f696e7c623a313b64657461696c737c733a32303a2253797374656d2041646d696e6973747261746f72223b757365726c6576656c7c733a353a2261646d696e223b646174657c613a323a7b733a343a2264617465223b733a31303a22323031352d30372d3330223b733a343a2274696d65223b733a353a2230333a3030223b7d636c696e696349447c733a333a22434332223b),
('43c77b791c81b39a4aee3e8bff03a2ebadd07162', '::1', 1438243452, 0x5f5f63695f6c6173745f726567656e65726174657c693a313433383234333234393b6c6f676765645f696e7c623a313b64657461696c737c733a32303a2253797374656d2041646d696e6973747261746f72223b757365726c6576656c7c733a353a2261646d696e223b636c696e696349447c733a343a2243433230223b646174657c613a323a7b733a343a2264617465223b733a31303a22323031352d30372d3137223b733a343a2274696d65223b733a353a2231313a3330223b7d),
('4920978daa7c0aa27d5a7cc479f80e3db312bcdc', '::1', 1438243594, 0x5f5f63695f6c6173745f726567656e65726174657c693a313433383234333539333b6c6f676765645f696e7c623a313b64657461696c737c733a32303a2253797374656d2041646d696e6973747261746f72223b757365726c6576656c7c733a353a2261646d696e223b636c696e696349447c733a343a2243433230223b646174657c613a323a7b733a343a2264617465223b733a31303a22323031352d30372d3137223b733a343a2274696d65223b733a353a2231313a3330223b7d),
('4b82c38a53f9265178cecc7f09fa30244e5b5e43', '::1', 1438166010, 0x5f5f63695f6c6173745f726567656e65726174657c693a313433383136353731313b6c6f676765645f696e7c623a313b64657461696c737c733a32303a2253797374656d2041646d696e6973747261746f72223b757365726c6576656c7c733a353a2261646d696e223b),
('4dd37fec26c582d7a3d9ffed8d05a7b266a95a1b', '::1', 1438125951, 0x5f5f63695f6c6173745f726567656e65726174657c693a313433383132353634393b6c6f676765645f696e7c623a313b64657461696c737c733a32303a2253797374656d2041646d696e6973747261746f72223b757365726c6576656c7c733a353a2261646d696e223b),
('50fb59f33742ffc278f4378a8ef5aa08322bdd10', '::1', 1438101136, 0x5f5f63695f6c6173745f726567656e65726174657c693a313433383130313132383b6c6f676765645f696e7c623a313b64657461696c737c733a32303a2253797374656d2041646d696e6973747261746f72223b757365726c6576656c7c733a353a2261646d696e223b646174657c613a323a7b733a343a2264617465223b733a31303a22323031352d30372d3135223b733a343a2274696d65223b733a353a2231333a3330223b7d636c696e696349447c733a343a2243433130223b),
('513ed124dd93d844d596d29c1b28ed2157eb777d', '::1', 1438235928, 0x5f5f63695f6c6173745f726567656e65726174657c693a313433383233353735383b6c6f676765645f696e7c623a313b64657461696c737c733a32303a2253797374656d2041646d696e6973747261746f72223b757365726c6576656c7c733a353a2261646d696e223b),
('51b8ca2b6262be03effd2bf8444bd573220a4540', '::1', 1438197385, 0x5f5f63695f6c6173745f726567656e65726174657c693a313433383139373133303b6c6f676765645f696e7c623a313b64657461696c737c733a32303a2253797374656d2041646d696e6973747261746f72223b757365726c6576656c7c733a353a2261646d696e223b),
('52dfa64c92563109fce458ccf6690403b2377586', '::1', 1438162128, 0x5f5f63695f6c6173745f726567656e65726174657c693a313433383136313836373b6c6f676765645f696e7c623a313b64657461696c737c733a32303a2253797374656d2041646d696e6973747261746f72223b757365726c6576656c7c733a353a2261646d696e223b),
('53ab3d8b8660ad05bfb90a589b4774aa99460deb', '::1', 1438057094, 0x5f5f63695f6c6173745f726567656e65726174657c693a313433383035363836333b646174657c613a323a7b733a343a2264617465223b733a31303a22323031352d30372d3239223b733a343a2274696d65223b733a353a2231303a3330223b7d6c6f676765645f696e7c623a313b64657461696c737c733a32303a2253797374656d2041646d696e6973747261746f72223b757365726c6576656c7c733a353a2261646d696e223b),
('5694324b56b92ee59bfff8f84de8cc0b806dc30d', '::1', 1438168230, 0x5f5f63695f6c6173745f726567656e65726174657c693a313433383136383233303b6c6f676765645f696e7c623a313b64657461696c737c733a32303a2253797374656d2041646d696e6973747261746f72223b757365726c6576656c7c733a353a2261646d696e223b636c696e696349447c733a343a2243433134223b),
('5e805d6265b1dad688115568d2d17d1d0237029f', '::1', 1438105073, 0x5f5f63695f6c6173745f726567656e65726174657c693a313433383130353036353b6c6f676765645f696e7c623a313b64657461696c737c733a32303a2253797374656d2041646d696e6973747261746f72223b757365726c6576656c7c733a353a2261646d696e223b646174657c613a323a7b733a343a2264617465223b733a31303a22323031352d30372d3238223b733a343a2274696d65223b733a353a2231353a3030223b7d636c696e696349447c733a343a2243433131223b),
('5fcd82ba64aac7c71e1f28f9a224a6c945e8a7bc', '::1', 1438098592, 0x5f5f63695f6c6173745f726567656e65726174657c693a313433383039383335363b6c6f676765645f696e7c623a313b64657461696c737c733a32303a2253797374656d2041646d696e6973747261746f72223b757365726c6576656c7c733a353a2261646d696e223b646174657c613a323a7b733a343a2264617465223b733a31303a22323031352d30372d3232223b733a343a2274696d65223b733a353a2230383a3330223b7d636c696e696349447c733a333a22434332223b),
('61326d37c226d4d4278f6a219c6a85634a435d46', '::1', 1438237467, 0x5f5f63695f6c6173745f726567656e65726174657c693a313433383233373232363b6c6f676765645f696e7c623a313b64657461696c737c733a32303a2253797374656d2041646d696e6973747261746f72223b757365726c6576656c7c733a353a2261646d696e223b),
('67b794e96174c33b248341df54477e938dc9f989', '::1', 1438057467, 0x5f5f63695f6c6173745f726567656e65726174657c693a313433383035373137303b646174657c613a323a7b733a343a2264617465223b733a31303a22323031352d30372d3239223b733a343a2274696d65223b733a353a2231303a3330223b7d6c6f676765645f696e7c623a313b64657461696c737c733a32303a2253797374656d2041646d696e6973747261746f72223b757365726c6576656c7c733a353a2261646d696e223b),
('6d2acef1b0d5d571eb7239cea63686f0243bdd52', '::1', 1438011670, 0x5f5f63695f6c6173745f726567656e65726174657c693a313433383031313534333b6c6f676765645f696e7c623a313b64657461696c737c733a32303a2253797374656d2041646d696e6973747261746f72223b757365726c6576656c7c733a353a2261646d696e223b646174657c613a323a7b733a343a2264617465223b733a31303a22323031352d30372d3330223b733a343a2274696d65223b733a353a2231333a3330223b7d636c696e696349447c733a333a22434331223b),
('71c0e5d89db0b09d37ba806b754f0a650ba9659b', '::1', 1438164874, 0x5f5f63695f6c6173745f726567656e65726174657c693a313433383136343631333b6c6f676765645f696e7c623a313b64657461696c737c733a32303a2253797374656d2041646d696e6973747261746f72223b757365726c6576656c7c733a353a2261646d696e223b),
('7813624763baa97c650da8c7adc726bb502ce655', '::1', 1438159080, 0x5f5f63695f6c6173745f726567656e65726174657c693a313433383135383738303b6c6f676765645f696e7c623a313b64657461696c737c733a32303a2253797374656d2041646d696e6973747261746f72223b757365726c6576656c7c733a353a2261646d696e223b),
('79d9547b71f5526af8bee1452dedc76eaafac287', '::1', 1438192703, 0x5f5f63695f6c6173745f726567656e65726174657c693a313433383139323430333b6c6f676765645f696e7c623a313b64657461696c737c733a32303a2253797374656d2041646d696e6973747261746f72223b757365726c6576656c7c733a353a2261646d696e223b646174657c613a323a7b733a343a2264617465223b733a31303a22323031352d30372d3230223b733a343a2274696d65223b733a353a2231303a3030223b7d636c696e696349447c733a343a2243433138223b),
('7a631f283d7d13b6b7064bb7b6a1daeb74398e55', '::1', 1438197710, 0x5f5f63695f6c6173745f726567656e65726174657c693a313433383139373436343b6c6f676765645f696e7c623a313b64657461696c737c733a32303a2253797374656d2041646d696e6973747261746f72223b757365726c6576656c7c733a353a2261646d696e223b),
('7aee918c9f56e7342e42852162fc355f4940dd78', '::1', 1438193396, 0x5f5f63695f6c6173745f726567656e65726174657c693a313433383139333134303b6c6f676765645f696e7c623a313b64657461696c737c733a32303a2253797374656d2041646d696e6973747261746f72223b757365726c6576656c7c733a353a2261646d696e223b),
('81d0f32c7f534a457922cda5ecf4048ef71670c9', '::1', 1438243248, 0x5f5f63695f6c6173745f726567656e65726174657c693a313433383234333234383b6c6f676765645f696e7c623a313b64657461696c737c733a32303a2253797374656d2041646d696e6973747261746f72223b757365726c6576656c7c733a353a2261646d696e223b636c696e696349447c733a343a2243433230223b646174657c613a323a7b733a343a2264617465223b733a31303a22323031352d30372d3137223b733a343a2274696d65223b733a353a2231313a3330223b7d),
('83a73471f0710c7dbca838c85a3ec77fa1613f25', '::1', 1437981715, 0x5f5f63695f6c6173745f726567656e65726174657c693a313433373938313434383b6c6f676765645f696e7c623a313b64657461696c737c733a32303a2253797374656d2041646d696e6973747261746f72223b757365726c6576656c7c733a353a2261646d696e223b),
('83a73e2b3ca3c222f1c147d85ab660d767faa996', '::1', 1437983188, 0x5f5f63695f6c6173745f726567656e65726174657c693a313433373938333138383b6c6f676765645f696e7c623a313b64657461696c737c733a32303a2253797374656d2041646d696e6973747261746f72223b757365726c6576656c7c733a353a2261646d696e223b),
('8450d3781cca74b39180a14299f24ff3c914c974', '::1', 1438097023, 0x5f5f63695f6c6173745f726567656e65726174657c693a313433383039363933343b6c6f676765645f696e7c623a313b64657461696c737c733a32303a2253797374656d2041646d696e6973747261746f72223b757365726c6576656c7c733a353a2261646d696e223b646174657c613a323a7b733a343a2264617465223b733a31303a22323031352d30372d3239223b733a343a2274696d65223b733a353a2230383a3330223b7d636c696e696349447c733a333a22434332223b),
('880e075ee89523266f36e5b80170f213df664a65', '::1', 1438192357, 0x5f5f63695f6c6173745f726567656e65726174657c693a313433383139323036303b6c6f676765645f696e7c623a313b64657461696c737c733a32303a2253797374656d2041646d696e6973747261746f72223b757365726c6576656c7c733a353a2261646d696e223b646174657c613a323a7b733a343a2264617465223b733a31303a22323031352d30372d3230223b733a343a2274696d65223b733a353a2231303a3030223b7d636c696e696349447c733a343a2243433138223b),
('883329533c2f9a3328f8afc0afca97888e66f31c', '::1', 1437986238, 0x5f5f63695f6c6173745f726567656e65726174657c693a313433373938363133323b6c6f676765645f696e7c623a313b64657461696c737c733a32303a2253797374656d2041646d696e6973747261746f72223b757365726c6576656c7c733a353a2261646d696e223b646174657c613a323a7b733a343a2264617465223b733a31303a22323031352d30372d3330223b733a343a2274696d65223b733a353a2230383a3330223b7d74696d657c733a383a2230383a30303a3030223b636c696e696349447c733a333a22434332223b),
('88653aa72a06fece65ca30c06516f0040e3977aa', '::1', 1438103454, 0x5f5f63695f6c6173745f726567656e65726174657c693a313433383130333431323b6c6f676765645f696e7c623a313b64657461696c737c733a32303a2253797374656d2041646d696e6973747261746f72223b757365726c6576656c7c733a353a2261646d696e223b646174657c613a323a7b733a343a2264617465223b733a31303a22323031352d30372d3238223b733a343a2274696d65223b733a353a2231353a3030223b7d636c696e696349447c733a343a2243433131223b),
('8a57775155d442eb69b05b5b51a58eaae1e93d8f', '::1', 1438100334, 0x5f5f63695f6c6173745f726567656e65726174657c693a313433383130303238353b6c6f676765645f696e7c623a313b64657461696c737c733a32303a2253797374656d2041646d696e6973747261746f72223b757365726c6576656c7c733a353a2261646d696e223b646174657c613a323a7b733a343a2264617465223b733a31303a22323031352d30372d3135223b733a343a2274696d65223b733a353a2231333a3330223b7d636c696e696349447c733a343a2243433130223b),
('8bb1919d9c2f0d06a7f96d88eb5f27a9515a9ddc', '::1', 1438127883, 0x5f5f63695f6c6173745f726567656e65726174657c693a313433383132373539373b6c6f676765645f696e7c623a313b64657461696c737c733a32303a2253797374656d2041646d696e6973747261746f72223b757365726c6576656c7c733a353a2261646d696e223b),
('8dbc48e97cb1a94ec7c761fd89a85a8f52636abd', '::1', 1438125589, 0x5f5f63695f6c6173745f726567656e65726174657c693a313433383132353333373b6c6f676765645f696e7c623a313b64657461696c737c733a32303a2253797374656d2041646d696e6973747261746f72223b757365726c6576656c7c733a353a2261646d696e223b),
('91f07e714732ed0334d52655c5cc2bcb25a5b734', '::1', 1438254189, 0x5f5f63695f6c6173745f726567656e65726174657c693a313433383235343130373b6c6f676765645f696e7c623a313b64657461696c737c733a32303a2253797374656d2041646d696e6973747261746f72223b757365726c6576656c7c733a353a2261646d696e223b636c696e696349447c733a333a22434338223b646174657c613a323a7b733a343a2264617465223b733a31303a22323031352d30372d3331223b733a343a2274696d65223b733a353a2231313a3330223b7d),
('96e7c79a45c880bd33fa224cd3ea177b0f1ba861', '::1', 1437982640, 0x5f5f63695f6c6173745f726567656e65726174657c693a313433373938323431343b6c6f676765645f696e7c623a313b64657461696c737c733a32303a2253797374656d2041646d696e6973747261746f72223b757365726c6576656c7c733a353a2261646d696e223b),
('97ae9aeac97907f3e756f4f0ddba91dc1a72cb07', '::1', 1438163461, 0x5f5f63695f6c6173745f726567656e65726174657c693a313433383136333238393b6c6f676765645f696e7c623a313b64657461696c737c733a32303a2253797374656d2041646d696e6973747261746f72223b757365726c6576656c7c733a353a2261646d696e223b),
('97c3d8e4eefcc0b31194086cb886de5555378883', '::1', 1438098214, 0x5f5f63695f6c6173745f726567656e65726174657c693a313433383039373933333b6c6f676765645f696e7c623a313b64657461696c737c733a32303a2253797374656d2041646d696e6973747261746f72223b757365726c6576656c7c733a353a2261646d696e223b646174657c613a323a7b733a343a2264617465223b733a31303a22323031352d30372d3232223b733a343a2274696d65223b733a353a2230383a3330223b7d636c696e696349447c733a333a22434332223b),
('996066cdfb67366a260f1f9ccf4b17ef1e23a3c1', '::1', 1438247226, 0x5f5f63695f6c6173745f726567656e65726174657c693a313433383234373232323b6c6f676765645f696e7c623a313b64657461696c737c733a32303a2253797374656d2041646d696e6973747261746f72223b757365726c6576656c7c733a353a2261646d696e223b),
('99c847bb813f9140d0808f2c0e7d195cb94a77e2', '::1', 1438197065, 0x5f5f63695f6c6173745f726567656e65726174657c693a313433383139363830393b6c6f676765645f696e7c623a313b64657461696c737c733a32303a2253797374656d2041646d696e6973747261746f72223b757365726c6576656c7c733a353a2261646d696e223b),
('9b7f524714a18dbd068a54021b523278a48eb5a8', '::1', 1437984043, 0x5f5f63695f6c6173745f726567656e65726174657c693a313433373938333737323b6c6f676765645f696e7c623a313b64657461696c737c733a32303a2253797374656d2041646d696e6973747261746f72223b757365726c6576656c7c733a353a2261646d696e223b646174657c733a31353a22546875204a756c2033302032303135223b74696d657c733a383a2230383a30303a3030223b),
('9f7c1121b0e19ce54694b1074f045f933916b6de', '::1', 1438244855, 0x5f5f63695f6c6173745f726567656e65726174657c693a313433383234343835333b6c6f676765645f696e7c623a313b64657461696c737c733a32303a2253797374656d2041646d696e6973747261746f72223b757365726c6576656c7c733a353a2261646d696e223b636c696e696349447c733a343a2243433230223b646174657c613a323a7b733a343a2264617465223b733a31303a22323031352d30372d3137223b733a343a2274696d65223b733a353a2231313a3330223b7d),
('a0fb76317301e428602bdd12fa604ebf01965be5', '::1', 1438160558, 0x5f5f63695f6c6173745f726567656e65726174657c693a313433383136303334333b6c6f676765645f696e7c623a313b64657461696c737c733a32303a2253797374656d2041646d696e6973747261746f72223b757365726c6576656c7c733a353a2261646d696e223b),
('a5d9471cf4bbc07754664df58c8e18f5dbea5a09', '::1', 1438055364, 0x5f5f63695f6c6173745f726567656e65726174657c693a313433383035353232383b646174657c613a323a7b733a343a2264617465223b733a31303a22323031352d30372d3239223b733a343a2274696d65223b733a353a2231303a3330223b7d6c6f676765645f696e7c623a313b64657461696c737c733a32303a2253797374656d2041646d696e6973747261746f72223b757365726c6576656c7c733a353a2261646d696e223b),
('b0a5166f09d1a7e896ca4ba2fcd2252b669dd4e7', '::1', 1438058741, 0x5f5f63695f6c6173745f726567656e65726174657c693a313433383035383630373b6c6f676765645f696e7c623a313b64657461696c737c733a32303a2253797374656d2041646d696e6973747261746f72223b757365726c6576656c7c733a353a2261646d696e223b646174657c613a323a7b733a343a2264617465223b733a31303a22323031352d30372d3238223b733a343a2274696d65223b733a353a2231333a3030223b7d636c696e696349447c733a333a22434332223b),
('b0ae4923eadc8f3ead018019231c1676c3208370', '::1', 1438193617, 0x5f5f63695f6c6173745f726567656e65726174657c693a313433383139333531303b6c6f676765645f696e7c623a313b64657461696c737c733a32303a2253797374656d2041646d696e6973747261746f72223b757365726c6576656c7c733a353a2261646d696e223b),
('b4e5ee01a1f887cb17f7d64ff3a0ab8d27127f30', '::1', 1438164533, 0x5f5f63695f6c6173745f726567656e65726174657c693a313433383136343330343b6c6f676765645f696e7c623a313b64657461696c737c733a32303a2253797374656d2041646d696e6973747261746f72223b757365726c6576656c7c733a353a2261646d696e223b),
('b6db00ac6809dba787de5f6c5716f8b6c31cfd75', '::1', 1438123585, 0x5f5f63695f6c6173745f726567656e65726174657c693a313433383132333332383b6c6f676765645f696e7c623a313b64657461696c737c733a32303a2253797374656d2041646d696e6973747261746f72223b757365726c6576656c7c733a353a2261646d696e223b646174657c613a323a7b733a343a2264617465223b733a31303a22323031352d30372d3239223b733a343a2274696d65223b733a353a2231343a3330223b7d636c696e696349447c733a343a2243433133223b),
('bf31a214304bcd33c362cce190982349a0260d01', '::1', 1438078763, 0x5f5f63695f6c6173745f726567656e65726174657c693a313433383037383637343b6c6f676765645f696e7c623a313b64657461696c737c733a32303a2253797374656d2041646d696e6973747261746f72223b757365726c6576656c7c733a353a2261646d696e223b),
('c08bfb30879f2b5813f41df238dbb30926fe93ee', '::1', 1438011995, 0x5f5f63695f6c6173745f726567656e65726174657c693a313433383031313935373b6c6f676765645f696e7c623a313b64657461696c737c733a32303a2253797374656d2041646d696e6973747261746f72223b757365726c6576656c7c733a353a2261646d696e223b646174657c613a323a7b733a343a2264617465223b733a31303a22323031352d30372d3330223b733a343a2274696d65223b733a353a2231333a3330223b7d636c696e696349447c733a333a22434331223b),
('c7caa532826dbfe977dc0919491afe0dd80ad42c', '::1', 1437980667, 0x5f5f63695f6c6173745f726567656e65726174657c693a313433373938303633373b6c6f676765645f696e7c623a313b64657461696c737c733a32303a2253797374656d2041646d696e6973747261746f72223b757365726c6576656c7c733a353a2261646d696e223b),
('c9fcb002374c46211de01fb8dbac9b084df50f3b', '::1', 1438160261, 0x5f5f63695f6c6173745f726567656e65726174657c693a313433383135393937393b6c6f676765645f696e7c623a313b64657461696c737c733a32303a2253797374656d2041646d696e6973747261746f72223b757365726c6576656c7c733a353a2261646d696e223b),
('caecef53d99cb05bcc4ef797726c45d5e320d9dd', '::1', 1438243249, 0x5f5f63695f6c6173745f726567656e65726174657c693a313433383234333234393b6c6f676765645f696e7c623a313b64657461696c737c733a32303a2253797374656d2041646d696e6973747261746f72223b757365726c6576656c7c733a353a2261646d696e223b636c696e696349447c733a343a2243433230223b646174657c613a323a7b733a343a2264617465223b733a31303a22323031352d30372d3137223b733a343a2274696d65223b733a353a2231313a3330223b7d),
('cd23bdecdf8f377750f28e29a451dea3187d47bf', '::1', 1438161743, 0x5f5f63695f6c6173745f726567656e65726174657c693a313433383136313530333b6c6f676765645f696e7c623a313b64657461696c737c733a32303a2253797374656d2041646d696e6973747261746f72223b757365726c6576656c7c733a353a2261646d696e223b),
('cde42db651c17a62f86a6b48f640ba31fa436386', '::1', 1438243038, 0x5f5f63695f6c6173745f726567656e65726174657c693a313433383234323934353b6c6f676765645f696e7c623a313b64657461696c737c733a32303a2253797374656d2041646d696e6973747261746f72223b757365726c6576656c7c733a353a2261646d696e223b636c696e696349447c733a343a2243433230223b646174657c613a323a7b733a343a2264617465223b733a31303a22323031352d30372d3137223b733a343a2274696d65223b733a353a2231313a3330223b7d),
('ce0fe4328fdbd008c94f429bcad41b91ffc05536', '::1', 1438190764, 0x5f5f63695f6c6173745f726567656e65726174657c693a313433383139303732353b6c6f676765645f696e7c623a313b64657461696c737c733a32303a2253797374656d2041646d696e6973747261746f72223b757365726c6576656c7c733a353a2261646d696e223b646174657c613a323a7b733a343a2264617465223b733a31303a22323031352d30372d3138223b733a343a2274696d65223b733a353a2231323a3330223b7d636c696e696349447c733a343a2243433137223b),
('daaab3d64f3ef60b59fe4c9583911c9003d4892b', '::1', 1438079853, 0x5f5f63695f6c6173745f726567656e65726174657c693a313433383037393832353b6c6f676765645f696e7c623a313b64657461696c737c733a32303a2253797374656d2041646d696e6973747261746f72223b757365726c6576656c7c733a353a2261646d696e223b),
('db3f8ffa3f7479ea9b281c557d0dd7586e160b33', '::1', 1438164304, 0x5f5f63695f6c6173745f726567656e65726174657c693a313433383136343330343b6c6f676765645f696e7c623a313b64657461696c737c733a32303a2253797374656d2041646d696e6973747261746f72223b757365726c6576656c7c733a353a2261646d696e223b),
('deaa02906185bdb480a2f7345b153758194e35d1', '::1', 1438245901, 0x5f5f63695f6c6173745f726567656e65726174657c693a313433383234353634373b6c6f676765645f696e7c623a313b64657461696c737c733a32303a2253797374656d2041646d696e6973747261746f72223b757365726c6576656c7c733a353a2261646d696e223b636c696e696349447c733a343a2243433230223b646174657c613a323a7b733a343a2264617465223b733a31303a22323031352d30372d3137223b733a343a2274696d65223b733a353a2231313a3330223b7d),
('df43e5e4e63c0d5a36903a6cbf683b9a5cb14dc0', '::1', 1438167917, 0x5f5f63695f6c6173745f726567656e65726174657c693a313433383136373931373b6c6f676765645f696e7c623a313b64657461696c737c733a32303a2253797374656d2041646d696e6973747261746f72223b757365726c6576656c7c733a353a2261646d696e223b),
('dff3363ec5247b109561c797280c5160a7f101fc', '::1', 1437985443, 0x5f5f63695f6c6173745f726567656e65726174657c693a313433373938353235323b6c6f676765645f696e7c623a313b64657461696c737c733a32303a2253797374656d2041646d696e6973747261746f72223b757365726c6576656c7c733a353a2261646d696e223b646174657c733a31353a22546875204a756c2033302032303135223b74696d657c733a383a2230383a30303a3030223b),
('e17ba5253a356675fc27e708090d73bfe38aee1c', '::1', 1438166278, 0x5f5f63695f6c6173745f726567656e65726174657c693a313433383136363031323b6c6f676765645f696e7c623a313b64657461696c737c733a32303a2253797374656d2041646d696e6973747261746f72223b757365726c6576656c7c733a353a2261646d696e223b),
('e31871557aea6fe99926026c8e6e376c4abfd238', '::1', 1438005514, 0x5f5f63695f6c6173745f726567656e65726174657c693a313433383030353236353b6c6f676765645f696e7c623a313b64657461696c737c733a32303a2253797374656d2041646d696e6973747261746f72223b757365726c6576656c7c733a353a2261646d696e223b646174657c613a323a7b733a343a2264617465223b733a31303a22323031352d30372d3330223b733a343a2274696d65223b733a353a2231333a3330223b7d636c696e696349447c733a333a22434332223b),
('e3dce6fb1d3e698eb04811824874c68c66ea2e62', '::1', 1438164297, 0x5f5f63695f6c6173745f726567656e65726174657c693a313433383136333939393b6c6f676765645f696e7c623a313b64657461696c737c733a32303a2253797374656d2041646d696e6973747261746f72223b757365726c6576656c7c733a353a2261646d696e223b),
('e4812d37a3e0dc5f2e8315d4fb3f8b73ee2a86cf', '::1', 1437984733, 0x5f5f63695f6c6173745f726567656e65726174657c693a313433373938343733333b6c6f676765645f696e7c623a313b64657461696c737c733a32303a2253797374656d2041646d696e6973747261746f72223b757365726c6576656c7c733a353a2261646d696e223b646174657c733a31353a22546875204a756c2033302032303135223b74696d657c733a383a2230383a30303a3030223b),
('e486ef1e9ac937d6d37a4d7bd47a68d40ad101b4', '::1', 1438246398, 0x5f5f63695f6c6173745f726567656e65726174657c693a313433383234363332333b6c6f676765645f696e7c623a313b64657461696c737c733a32303a2253797374656d2041646d696e6973747261746f72223b757365726c6576656c7c733a353a2261646d696e223b636c696e696349447c733a343a2243433230223b646174657c613a323a7b733a343a2264617465223b733a31303a22323031352d30372d3137223b733a343a2274696d65223b733a353a2231313a3330223b7d),
('e540557a0af22d2b5c3d7c02bc52818f6a2d7bd3', '::1', 1438247163, 0x5f5f63695f6c6173745f726567656e65726174657c693a313433383234363839383b6c6f676765645f696e7c623a313b64657461696c737c733a32303a2253797374656d2041646d696e6973747261746f72223b757365726c6576656c7c733a353a2261646d696e223b),
('e6b668eb44ac173ab4ead8e197a2d97edda636d8', '::1', 1438236277, 0x5f5f63695f6c6173745f726567656e65726174657c693a313433383233363235333b6c6f676765645f696e7c623a313b64657461696c737c733a32303a2253797374656d2041646d696e6973747261746f72223b757365726c6576656c7c733a353a2261646d696e223b),
('e70ed64b9195f924ea2822c6c31b5bd37fac1a75', '::1', 1438099743, 0x5f5f63695f6c6173745f726567656e65726174657c693a313433383039393637343b6c6f676765645f696e7c623a313b64657461696c737c733a32303a2253797374656d2041646d696e6973747261746f72223b757365726c6576656c7c733a353a2261646d696e223b646174657c613a323a7b733a343a2264617465223b733a31303a22323031352d30372d3037223b733a343a2274696d65223b733a353a2231303a3030223b7d636c696e696349447c733a333a22434333223b),
('ea0124803edec6abace5697fa0ced0697f0d613d', '::1', 1438058428, 0x5f5f63695f6c6173745f726567656e65726174657c693a313433383035383230373b646174657c613a323a7b733a343a2264617465223b733a31303a22323031352d30372d3031223b733a343a2274696d65223b733a353a2231323a3030223b7d6c6f676765645f696e7c623a313b64657461696c737c733a32303a2253797374656d2041646d696e6973747261746f72223b757365726c6576656c7c733a353a2261646d696e223b636c696e696349447c733a333a22434332223b),
('f008bb725ee377d4a4360da90ab6e04ea4d83980', '::1', 1438005834, 0x5f5f63695f6c6173745f726567656e65726174657c693a313433383030353830323b6c6f676765645f696e7c623a313b64657461696c737c733a32303a2253797374656d2041646d696e6973747261746f72223b757365726c6576656c7c733a353a2261646d696e223b646174657c613a323a7b733a343a2264617465223b733a31303a22323031352d30372d3330223b733a343a2274696d65223b733a353a2231333a3330223b7d636c696e696349447c733a333a22434331223b),
('f42e91d94ca5a95defa603fb8a8200170b22f4ec', '::1', 1438108095, 0x5f5f63695f6c6173745f726567656e65726174657c693a313433383130383038363b6c6f676765645f696e7c623a313b64657461696c737c733a32303a2253797374656d2041646d696e6973747261746f72223b757365726c6576656c7c733a353a2261646d696e223b),
('f50d9923da127a32cb8f19be262c02f28c936780', '::1', 1438057726, 0x5f5f63695f6c6173745f726567656e65726174657c693a313433383035373532313b646174657c613a323a7b733a343a2264617465223b733a31303a22323031352d30372d3239223b733a343a2274696d65223b733a353a2231303a3330223b7d6c6f676765645f696e7c623a313b64657461696c737c733a32303a2253797374656d2041646d696e6973747261746f72223b757365726c6576656c7c733a353a2261646d696e223b),
('f6b2ca3687891a9bf4d5d0c6499a53711672a067', '::1', 1438189350, 0x5f5f63695f6c6173745f726567656e65726174657c693a313433383138393130333b6c6f676765645f696e7c623a313b64657461696c737c733a32303a2253797374656d2041646d696e6973747261746f72223b757365726c6576656c7c733a353a2261646d696e223b),
('fa76d63d5cfcd073fb8e051ff9a62cb31e15376e', '::1', 1438165580, 0x5f5f63695f6c6173745f726567656e65726174657c693a313433383136353337303b6c6f676765645f696e7c623a313b64657461696c737c733a32303a2253797374656d2041646d696e6973747261746f72223b757365726c6576656c7c733a353a2261646d696e223b),
('fdfe0bc6e488bb4a394219ff994aa951acad9bb8', '::1', 1438246235, 0x5f5f63695f6c6173745f726567656e65726174657c693a313433383234363031363b6c6f676765645f696e7c623a313b64657461696c737c733a32303a2253797374656d2041646d696e6973747261746f72223b757365726c6576656c7c733a353a2261646d696e223b636c696e696349447c733a343a2243433230223b646174657c613a323a7b733a343a2264617465223b733a31303a22323031352d30372d3137223b733a343a2274696d65223b733a353a2231313a3330223b7d),
('ffb9cef60bbf1497d869bfff89be1d3fffbcfd94', '::1', 1438168533, 0x5f5f63695f6c6173745f726567656e65726174657c693a313433383136383533333b6c6f676765645f696e7c623a313b64657461696c737c733a32303a2253797374656d2041646d696e6973747261746f72223b757365726c6576656c7c733a353a2261646d696e223b636c696e696349447c733a343a2243433134223b);

-- --------------------------------------------------------

--
-- Table structure for table `clients`
--

CREATE TABLE IF NOT EXISTS `clients` (
  `id` int(11) NOT NULL AUTO_INCREMENT,
  `clinicID` varchar(255) NOT NULL,
  `name` varchar(255) NOT NULL,
  `surname` varchar(255) NOT NULL,
  `idnumber` varchar(255) NOT NULL,
  `gender` enum('Male','Female') NOT NULL,
  `phone` varchar(255) NOT NULL,
  `email` varchar(255) NOT NULL,
  `notes` text NOT NULL,
  PRIMARY KEY (`id`),
  UNIQUE KEY `clinicID` (`clinicID`)
) ENGINE=InnoDB  DEFAULT CHARSET=latin1 AUTO_INCREMENT=21 ;

--
-- Dumping data for table `clients`
--

INSERT INTO `clients` (`id`, `clinicID`, `name`, `surname`, `idnumber`, `gender`, `phone`, `email`, `notes`) VALUES
(1, 'CC1', 'Nadia', 'Nakai', '63-10020098J78', 'Female', '07770009007', 'adonis@afrikaizen.co.zw', ''),
(2, 'CC2', 'fsdfsdfsdf', 'vsdvdsvdvds', '63-10020098J78', 'Male', 'dsadsadsadasdasd', 'uiuninini', ''),
(7, 'CC3', 'fsdfsdfsdf', 'dasdasdasd', 'fsfsdfdsfsdf', 'Female', 'dsadsadsadasdasd', 'stevedumbura@gmail.com', ''),
(9, 'CC8', 'Nadia', 'dumbura', 'fsfsdfdsfsdf', 'Female', 'dsadsadsadasdasd', 'uiuninini', ''),
(10, 'CC10', 'fsdfsdfsdf', 'dasdasdasd', 'dsadsdasdasd', 'Male', 'fsdfsdfdsfdsfdsfds', 'adonis@afrikaizen.co.zw', ''),
(11, 'CC11', 'Nadia', 'Nakai', '63-10020098J78', 'Female', '07770009007', 'adonis@afrikaizen.co.zw', ''),
(12, 'CC12', 'fsdfsdfsdf', 'vsdvdsvdvds', 'dsadsdasdasd', 'Female', '07770009007', 'adonis@afrikaizen.co.zw', ''),
(13, 'CC13', 'fsdfsdfsdf', 'vsdvdsvdvds', 'dsadsdasdasd', 'Male', 'fsdfsdfdsfdsfdsfds', 'stevedumbura@gmail.com', ''),
(14, 'CC14', 'Steven', 'Dumbura', '63-2222078K50', 'Male', '0777902073', 'steve@afrikaizen.co.zw', ''),
(15, 'CC15', 'tinashe', 'dzambwa', '63-10020098J78', 'Male', '07770009007', 'adonis@afrikaizen.co.zw', ''),
(16, 'CC16', 'deloris', 'dlamini', '63-10020098J78', 'Female', '07770009007', 'adonis@afrikaizen.co.zw', ''),
(17, 'CC17', 'njnjknuni', 'Nakai', 'dsadsdasdasd', 'Female', 'fsdfsdfdsfdsfdsfds', 'adonis@afrikaizen.co.zw', ''),
(18, 'CC18', 'fsdfsdfsdf', 'Nakai', 'fsfsdfdsfsdf', 'Male', 'fsdfsdfdsfdsfdsfds', 'stevedumbura@gmail.com', ''),
(19, 'CC19', 'thomas', 'chivagwe', '63-10020098J78', 'Male', '07770009007', 'thomas@rbz.co.zw', ''),
(20, 'CC20', 'Nadia', 'Mujuru', 'fsfsdfdsfsdf', 'Female', 'fsdfsdfdsfdsfdsfds', 'adonis@afrikaizen.co.zw', '');

-- --------------------------------------------------------

--
-- Table structure for table `doctors`
--

CREATE TABLE IF NOT EXISTS `doctors` (
  `id` int(11) NOT NULL AUTO_INCREMENT,
  `name` varchar(255) NOT NULL,
  `surname` varchar(255) NOT NULL,
  `gender` enum('Male','Female') NOT NULL,
  `notes` text NOT NULL,
  PRIMARY KEY (`id`)
) ENGINE=InnoDB  DEFAULT CHARSET=latin1 AUTO_INCREMENT=3 ;

--
-- Dumping data for table `doctors`
--

INSERT INTO `doctors` (`id`, `name`, `surname`, `gender`, `notes`) VALUES
(0, '', '', '', ''),
(1, 'Cletos', 'Masiya', 'Male', ''),
(2, 'George', 'Michael', 'Male', '');

-- --------------------------------------------------------

--
-- Table structure for table `employees`
--

CREATE TABLE IF NOT EXISTS `employees` (
  `employeeNumber` int(11) NOT NULL AUTO_INCREMENT,
  `lastName` varchar(50) NOT NULL,
  `firstName` varchar(50) NOT NULL,
  `extension` varchar(10) NOT NULL,
  `email` varchar(100) NOT NULL,
  `officeCode` varchar(10) NOT NULL,
  `file_url` varchar(250) CHARACTER SET utf8 NOT NULL,
  `jobTitle` varchar(50) NOT NULL,
  PRIMARY KEY (`employeeNumber`)
) ENGINE=MyISAM  DEFAULT CHARSET=latin1 AUTO_INCREMENT=1703 ;

--
-- Dumping data for table `employees`
--

INSERT INTO `employees` (`employeeNumber`, `lastName`, `firstName`, `extension`, `email`, `officeCode`, `file_url`, `jobTitle`) VALUES
(1002, 'Murphy', 'Diane', 'x5800', 'dmurphy@classicmodelcars.com', '1', '', 'President'),
(1056, 'Patterson', 'Mary', 'x4611', 'mpatterso@classicmodelcars.com', '1', '', 'VP Sales'),
(1076, 'Firrelli', 'Jeff', 'x9273', 'jfirrelli@classicmodelcars.com', '1', '', 'VP Marketing'),
(1088, 'Patterson', 'William', 'x4871', 'wpatterson@classicmodelcars.com', '6', '', 'Sales Manager (APAC)'),
(1102, 'Bondur', 'Gerard', 'x5408', 'gbondur@classicmodelcars.com', '4', 'pdftest.pdf', 'Sale Manager (EMEA)'),
(1143, 'Bow', 'Anthony', 'x5428', 'abow@classicmodelcars.com', '1', '', 'Sales Manager (NA)'),
(1165, 'Jennings', 'Leslie', 'x3291', 'ljennings@classicmodelcars.com', '1', '', 'Sales Rep'),
(1166, 'Thompson', 'Leslie', 'x4065', 'lthompson@classicmodelcars.com', '1', '', 'Sales Rep'),
(1188, 'Firrelli', 'Julie', 'x2173', 'jfirrelli@classicmodelcars.com', '2', 'test-2.pdf', 'Sales Rep'),
(1216, 'Patterson', 'Steve', 'x4334', 'spatterson@classicmodelcars.com', '2', '', 'Sales Rep'),
(1286, 'Tseng', 'Foon Yue', 'x2248', 'ftseng@classicmodelcars.com', '3', '', 'Sales Rep'),
(1323, 'Vanauf', 'George', 'x4102', 'gvanauf@classicmodelcars.com', '3', '', 'Sales Rep'),
(1337, 'Bondur', 'Loui', 'x6493', 'lbondur@classicmodelcars.com', '4', '', 'Sales Rep'),
(1370, 'Hernandez', 'Gerard', 'x2028', 'ghernande@classicmodelcars.com', '4', '', 'Sales Rep'),
(1401, 'Castillo', 'Pamela', 'x2759', 'pcastillo@classicmodelcars.com', '4', '', 'Sales Rep'),
(1501, 'Bott', 'Larry', 'x2311', 'lbott@classicmodelcars.com', '7', '', 'Sales Rep'),
(1504, 'Jones', 'Barry', 'x102', 'bjones@classicmodelcars.com', '7', '', 'Sales Rep'),
(1611, 'Fixter', 'Andy', 'x101', 'afixter@classicmodelcars.com', '6', '', 'Sales Rep'),
(1612, 'Marsh', 'Peter', 'x102', 'pmarsh@classicmodelcars.com', '6', '', 'Sales Rep'),
(1619, 'King', 'Tom', 'x103', 'tking@classicmodelcars.com', '6', '', 'Sales Rep'),
(1621, 'Nishi', 'Mami', 'x101', 'mnishi@classicmodelcars.com', '4', '', 'Sales Rep'),
(1625, 'Kato', 'Yoshimi', 'x102', 'ykato@classicmodelcars.com', '5', '', 'Sales Rep'),
(1702, 'Gerard', 'Martin', 'x2312', 'mgerard@classicmodelcars.com', '4', '', 'Sales Rep');

-- --------------------------------------------------------

--
-- Table structure for table `offices`
--

CREATE TABLE IF NOT EXISTS `offices` (
  `officeCode` int(10) NOT NULL AUTO_INCREMENT,
  `city` varchar(50) NOT NULL,
  `phone` varchar(50) NOT NULL,
  `addressLine1` varchar(50) NOT NULL,
  `addressLine2` varchar(50) DEFAULT NULL,
  `state` varchar(50) DEFAULT NULL,
  `country` varchar(50) NOT NULL,
  `postalCode` varchar(15) NOT NULL,
  `territory` varchar(10) NOT NULL,
  PRIMARY KEY (`officeCode`)
) ENGINE=MyISAM  DEFAULT CHARSET=latin1 AUTO_INCREMENT=16 ;

--
-- Dumping data for table `offices`
--

INSERT INTO `offices` (`officeCode`, `city`, `phone`, `addressLine1`, `addressLine2`, `state`, `country`, `postalCode`, `territory`) VALUES
(1, 'San Francisco', '+1 650 219 4782', '100 Market Street', 'Suite 300', 'CA', 'USA', '94080', 'NA'),
(2, 'Boston', '+1 215 837 0825', '1550 Court Place', 'Suite 102', 'MA', 'USA', '02107', 'NA'),
(3, 'NYC', '+1 212 555 3000', '523 East 53rd Street', 'apt. 5A', 'NY', 'USA', '10022', 'NA'),
(4, 'Paris', '+33 14 723 4404', '43 Rue Jouffroy D', '', '', 'France', '75017', 'EMEA'),
(5, 'Tokyo', '+81 33 224 5000', '4-1 Kioicho', NULL, 'Chiyoda-Ku', 'Japan', '102-8578', 'Japan'),
(6, 'Sydney', '+61 2 9264 2451', '5-11 Wentworth Avenue', 'Floor #2', NULL, 'Australia', 'NSW 2010', 'APAC'),
(7, 'London', '+44 20 7877 2041', '25 Old Broad Street', 'Level 7', NULL, 'UK', 'EC2N 1HN', 'EMEA');

-- --------------------------------------------------------

--
-- Table structure for table `users`
--

CREATE TABLE IF NOT EXISTS `users` (
  `id` int(11) NOT NULL AUTO_INCREMENT,
  `username` varchar(255) NOT NULL,
  `password` varchar(255) NOT NULL,
  `details` varchar(255) NOT NULL,
  `userlevel` varchar(255) NOT NULL,
  `status` int(11) NOT NULL,
  PRIMARY KEY (`id`)
) ENGINE=InnoDB  DEFAULT CHARSET=latin1 AUTO_INCREMENT=2 ;

--
-- Dumping data for table `users`
--

INSERT INTO `users` (`id`, `username`, `password`, `details`, `userlevel`, `status`) VALUES
(1, 'admin', 'admin', 'System Administrator', 'admin', 1);

/*!40101 SET CHARACTER_SET_CLIENT=@OLD_CHARACTER_SET_CLIENT */;
/*!40101 SET CHARACTER_SET_RESULTS=@OLD_CHARACTER_SET_RESULTS */;
/*!40101 SET COLLATION_CONNECTION=@OLD_COLLATION_CONNECTION */;
